AÑO,CÓDIGO_DEPARTAMENTO,DEPARTAMENTO,POBLACIÓN_5_16,TASA_MATRICULACIÓN_5_16,COBERTURA_NETA,COBERTURA_NETA_TRANSICIÓN,COBERTURA_NETA_PRIMARIA,COBERTURA_NETA_SECUNDARIA,COBERTURA_NETA_MEDIA,COBERTURA_BRUTA,COBERTURA_BRUTA_TRANSICIÓN,COBERTURA_BRUTA_PRIMARIA,COBERTURA_BRUTA_SECUNDARIA,COBERTURA_BRUTA_MEDIA,TAMAÑO_PROMEDIO_DE_GRUPO,SEDES_CONECTADAS_A_INTERNET,DESERCIÓN,DESERCIÓN_TRANSICIÓN,DESERCIÓN_PRIMARIA,DESERCIÓN_SECUNDARIA,DESERCIÓN_MEDIA,APROBACIÓN,APROBACIÓN_TRANSICIÓN,APROBACIÓN_PRIMARIA,APROBACIÓN_SECUNDARIA,APROBACIÓN_MEDIA,REPROBACIÓN,REPROBACIÓN_TRANSICIÓN,REPROBACIÓN_PRIMARIA,REPROBACIÓN_SECUNDARIA,REPROBACIÓN_MEDIA,REPITENCIA,REPITENCIA_TRANSICIÓN,REPITENCIA_PRIMARIA,REPITENCIA_SECUNDARIA,REPITENCIA_MEDIA
2015,5,Antioquia,1262800,89.92%,89.79%,61.07%,89.02%,74.17%,42.61%,103.14%,79.42%,111%,110.09%,82.19%,30.39%,61.29%,3.82%,2.86%,2.97%,5.55%,2.8%,89.34%,96.94%,91.59%,83.89%,91.56%,6.84%,0.2%,5.44%,10.56%,5.64%,2.83%,0.17%,2.26%,4.55%,1.95%
2015,8,Atlántico,520783,86.17%,85.92%,53.52%,82.12%,74.28%,45.61%,93.38%,81.92%,100.78%,95.67%,76.02%,26.27%,88%,1.39%,1.74%,1.29%,1.57%,1%,95.19%,97.2%,95.8%,93.48%,96.78%,3.42%,1.06%,2.9%,4.96%,2.22%,1.69%,1.2%,1.38%,2.42%,1.06%
2015,11,"Bogotá, D.C.",1455309,82.2%,81.77%,59.17%,78.94%,74.89%,50.61%,88.45%,73.77%,89.14%,94.6%,81.94%,27.56%,98.87%,3.63%,3.48%,2.72%,4.85%,3.2%,96.29%,96.51%,97.25%,95.02%,96.57%,0.09%,0%,0.03%,0.12%,0.23%,9.91%,1.05%,6.49%,16.02%,7.94%
2015,13,Bolívar,488886,88.78%,88.69%,58.5%,87.33%,71.05%,39.34%,100.18%,98.61%,111.11%,100.44%,73.44%,23.02%,44.94%,3.01%,3.16%,2.54%,3.75%,2.69%,91.5%,96.06%,92.85%,88.1%,92.34%,5.49%,0.78%,4.61%,8.15%,4.97%,1.83%,0.99%,1.74%,2.46%,0.92%
2015,15,Boyacá,284611,83.62%,83.57%,63.02%,80.65%,74.22%,48.61%,93.37%,82.1%,92.12%,101.3%,85.47%,25.17%,22.96%,2.22%,1.8%,1.39%,3.19%,2.32%,93.27%,97.91%,95.64%,89.72%,93.39%,4.51%,0.29%,2.97%,7.09%,4.29%,2.27%,0.37%,1.46%,3.68%,2.07%
2015,17,Caldas,194108,78.9%,78.86%,52.47%,74.53%,69.24%,43.55%,90.19%,68.31%,91.54%,97.76%,82.41%,25.44%,30.69%,3.67%,3.66%,2.7%,5.07%,3.1%,88.13%,95.55%,90.65%,82.79%,90.57%,8.2%,0.8%,6.65%,12.14%,6.34%,2.18%,0.26%,1.55%,3.58%,1.65%
2015,18,Caquetá,124382,73.14%,73.12%,43.87%,72.82%,54.52%,23.63%,85.42%,75.37%,99.51%,82.51%,60.16%,22.94%,14.77%,4.87%,4.9%,4.11%,6.31%,4.08%,91.65%,94.43%,92.31%,89.47%,93.23%,3.48%,0.67%,3.58%,4.22%,2.69%,1.26%,0.77%,1.02%,1.87%,1.17%
2015,19,Cauca,312453,82.21%,82.21%,44.7%,84.42%,63.04%,31.28%,99.04%,80.51%,112.85%,99.32%,74.71%,19.12%,44.93%,2.17%,2.12%,1.31%,3.43%,2.46%,91.64%,96.84%,92.86%,88.4%,92.05%,6.19%,1.03%,5.83%,8.17%,5.48%,1.23%,0.24%,1.24%,1.6%,0.68%
2015,20,Cesar,260802,95.52%,95.39%,61.65%,92.76%,73.88%,38.63%,109.85%,109.95%,126.53%,104.38%,78.46%,26.72%,39.87%,4.38%,5.46%,3.96%,5.1%,3.1%,90.48%,93.32%,91.48%,87.66%,92.31%,5.14%,1.22%,4.57%,7.24%,4.59%,1.08%,1.18%,1.06%,1.32%,0.35%
2015,23,Córdoba,409982,89.54%,89.5%,52.58%,87.47%,72.18%,38.97%,103.33%,94.22%,113.14%,105.16%,78.72%,21.09%,39.12%,2.26%,2.83%,1.78%,2.9%,2.05%,94.51%,96.54%,95.55%,92.51%,94.32%,3.23%,0.62%,2.67%,4.59%,3.63%,1.79%,0.79%,1.95%,2.05%,1.1%
2015,25,Cundinamarca,576429,90.72%,90.47%,55.93%,86.83%,80.91%,50.5%,100.22%,83.58%,102.59%,108.25%,86.49%,19.59%,32.73%,3.27%,3.52%,2.24%,4.62%,2.86%,93.2%,96.05%,95.57%,89.58%,93.84%,3.52%,0.43%,2.19%,5.8%,3.3%,2.14%,0.48%,1.67%,3.26%,1.44%
2015,27,Chocó,145625,80.48%,80.48%,51.99%,82.2%,47.3%,20.35%,100.91%,91.24%,126.13%,87.89%,63.56%,18.79%,20.15%,4.78%,4.27%,4.36%,6.31%,3.02%,88.35%,95.39%,87.49%,86.28%,94.07%,6.87%,0.34%,8.15%,7.41%,2.91%,0.29%,0.24%,0.3%,0.34%,0.12%
2015,41,Huila,269323,87.64%,87.58%,58%,87.77%,74.81%,40.15%,99.18%,80.48%,107.37%,105.2%,76.13%,26.24%,38.93%,5.17%,4.49%,3.52%,7.75%,4.66%,87.04%,95.16%,90.64%,80.16%,87.67%,7.79%,0.34%,5.84%,12.09%,7.67%,1.09%,0.19%,0.8%,1.78%,0.87%
2015,44,La Guajira,258207,74.12%,74.08%,47.17%,71.58%,44.62%,19.8%,86.61%,95.91%,110.96%,71.23%,42.18%,23.7%,21.9%,2.29%,1.96%,1.96%,3.25%,1.91%,95.83%,97.64%,96.11%,94.22%,96.79%,1.88%,0.4%,1.93%,2.52%,1.3%,1.42%,1.7%,1.29%,1.84%,0.64%
2015,47,Magdalena,330539,93.61%,93.43%,64.05%,87.3%,69.06%,35.65%,108.08%,143.18%,118.86%,103.73%,71.43%,22.89%,40.02%,3.54%,3.07%,3.54%,3.93%,2.82%,93.68%,95.65%,93.88%,92.35%,94.86%,2.78%,1.28%,2.58%,3.72%,2.32%,1.07%,0.92%,1%,1.4%,0.46%
2015,50,Meta,217437,92.19%,92.14%,59.32%,90.32%,76.35%,42.26%,103.88%,89.88%,113.25%,106.12%,82.14%,27.52%,52.9%,3.3%,3.39%,2.68%,4.35%,2.57%,92.08%,96.51%,94.23%,87.71%,93.46%,4.62%,0.1%,3.09%,7.94%,3.97%,1.1%,0.08%,0.78%,1.94%,0.55%
2015,52,Nariño,396138,73.53%,73.51%,39.88%,71.43%,56.46%,29.95%,88.26%,69.82%,95.64%,94.26%,67.17%,21.61%,30.27%,1.23%,0.85%,0.75%,1.9%,1.51%,96.42%,99.12%,97.47%,94.71%,95.2%,2.35%,0.03%,1.77%,3.39%,3.28%,1.35%,0.34%,1.04%,2.27%,0.95%
2015,54,Norte de Santander,310611,85.89%,85.84%,58.03%,89.27%,68.7%,36.24%,99.27%,92.26%,113.58%,97.55%,72.75%,24.33%,19.12%,2.66%,2.9%,2.07%,3.53%,2.54%,95.75%,96.95%,96.86%,93.92%,95.35%,1.59%,0.15%,1.07%,2.55%,2.11%,1.31%,0.35%,1.08%,2%,0.85%
2015,63,Quindio,109400,81.93%,81.86%,44.92%,74.18%,76.01%,48.03%,94.03%,70.16%,89.46%,108.4%,88.63%,28.78%,15.93%,5.9%,5.92%,4.74%,7.63%,4.67%,88.09%,93.93%,91.46%,83.06%,88.94%,6.01%,0.15%,3.79%,9.31%,6.39%,1.38%,0.17%,1.11%,2.04%,1.1%
2015,66,Risaralda,183900,88.12%,87.94%,54.05%,83.32%,76.6%,43.22%,102.5%,81.12%,103.21%,113.61%,89.46%,25.65%,55.42%,5.05%,5%,3.67%,7.2%,3.83%,89.03%,93.63%,92.49%,83.16%,91%,5.92%,1.38%,3.84%,9.64%,5.18%,1.52%,0.15%,1.28%,2.36%,0.73%
2015,68,Santander,407815,94.5%,94.37%,59.9%,94.34%,82.45%,47.84%,105.97%,94.26%,112.23%,111.9%,85.51%,26.17%,25.65%,3.17%,4.18%,2.37%,4.22%,2.51%,91.93%,95.01%,94.7%,87.61%,92.36%,4.9%,0.81%,2.93%,8.18%,5.13%,1.62%,0.32%,1.12%,2.64%,1.31%
2015,70,Sucre,200001,95.8%,95.74%,67.38%,95%,73.13%,42.25%,112.16%,125.56%,122.33%,109.59%,85.64%,22.7%,50.39%,2.65%,2.96%,1.98%,3.54%,2.59%,87.04%,96.07%,88.13%,82.19%,88.57%,10.31%,0.97%,9.89%,14.27%,8.84%,0.61%,0.85%,0.69%,0.55%,0.23%
2015,73,Tolima,310206,85.48%,85.41%,51.39%,83.09%,71.52%,42.41%,96.32%,82.72%,104.54%,98.92%,77.44%,25.42%,27.8%,3.71%,4.45%,3.1%,4.68%,2.77%,89.08%,94.98%,90.97%,84.33%,91.96%,7.22%,0.57%,5.93%,10.99%,5.27%,0.58%,0.19%,0.52%,0.83%,0.37%
2015,76,Valle del Cauca,875476,84.44%,84.26%,50.96%,82.63%,69.59%,39.64%,96.74%,82.24%,104.4%,101.13%,77.2%,22.38%,43.1%,2.78%,3.07%,2.24%,3.63%,2.31%,91.04%,96.24%,93.14%,86.67%,92.71%,6.18%,0.69%,4.62%,9.7%,4.99%,0.92%,0.25%,0.72%,1.44%,0.6%
2015,81,Arauca,75107,72.88%,72.84%,46.47%,71.95%,55.91%,28.37%,82.95%,82.65%,91.52%,82.64%,59.76%,20.22%,37.55%,3.51%,3.17%,2.82%,4.84%,3.28%,96.29%,96.83%,97.18%,94.82%,95.64%,0.2%,0%,0%,0.34%,1.08%,2.27%,0.53%,1.92%,3.47%,1.92%
2015,85,Casanare,87417,102.43%,102.39%,70.61%,102%,83.12%,46.95%,115.06%,102.31%,123.5%,119.57%,90.97%,25.71%,20.3%,3.75%,4.13%,3.04%,5.04%,2.59%,88.89%,95.45%,91.59%,82.57%,92.06%,7.36%,0.42%,5.36%,12.39%,5.35%,1.21%,0.23%,1.01%,1.84%,0.69%
2015,86,Putumayo,91874,76.71%,76.7%,35.59%,75.52%,63.09%,29.54%,88.74%,72.48%,95.92%,94.84%,66.7%,27.77%,25.27%,5.26%,6.29%,4.45%,6.46%,4.3%,89.23%,93.37%,91.54%,84.79%,90.31%,5.51%,0.34%,4.02%,8.75%,5.39%,0.85%,0.19%,0.74%,1.2%,0.82%
2015,88,"Archipiélago de San Andrés, Providencia y Santa Catalina",15265,67.34%,67.3%,52.34%,67.37%,60.42%,39.01%,72.67%,69.1%,76.07%,76.45%,58.81%,25.8%,83.33%,0.63%,0.29%,0.4%,1.01%,0.7%,95.92%,99.56%,97.57%,92.73%,96.21%,3.44%,0.15%,2.03%,6.26%,3.08%,2.16%,0.28%,1.83%,3.24%,1.48%
2015,91,Amazonas,22212,81.49%,81.46%,40.65%,82.75%,59.41%,26.52%,95.76%,79.35%,111.01%,94.27%,67.01%,20.13%,16.36%,4.76%,4.54%,2.53%,8%,6.69%,89.23%,95.19%,90.55%,85.73%,88.52%,6.01%,0.27%,6.92%,6.27%,4.79%,1.65%,0.65%,2.02%,1.39%,1.34%
2015,94,Guainía,11913,75.3%,75.3%,53.21%,72.75%,35.9%,8.16%,93.44%,117.02%,117.23%,85.78%,38.1%,26.15%,24.44%,7.64%,6.62%,6.39%,10.59%,7.61%,75.4%,82.06%,76.19%,70.86%,76.32%,16.96%,11.32%,17.42%,18.55%,16.07%,2.12%,2.68%,2.24%,1.89%,0%
2015,95,Guaviare,31553,54.91%,54.9%,27.32%,54.02%,40.88%,19.45%,65.9%,53.93%,72.87%,68.61%,47.72%,27.73%,24.08%,4.7%,4.68%,3.79%,6.48%,3.72%,87.99%,92.62%,89.92%,83.08%,90.06%,7.31%,2.7%,6.29%,10.45%,6.22%,1.21%,0.37%,0.9%,2.05%,0.94%
2015,97,Vaupés,12684,64.08%,64.08%,20.27%,64.42%,35.56%,11.59%,76.58%,44.34%,101.51%,68.79%,42.91%,14.69%,24.58%,8.08%,6.79%,7.73%,9.66%,5.86%,78.38%,87.43%,77.15%,77.41%,85.74%,13.54%,5.79%,15.12%,12.93%,8.4%,3.49%,1.11%,4.08%,3.37%,0.16%
2015,99,Vichada,21644,76.82%,76.81%,39.63%,79.35%,34.6%,14.94%,87.09%,86.64%,123.64%,62.26%,38.02%,14.63%,41.62%,9.23%,10.14%,8.15%,12.15%,7.96%,76.94%,88.24%,75.5%,74.46%,84.8%,13.82%,1.62%,16.34%,13.39%,7.24%,0.88%,0.11%,0.82%,1.11%,1.33%
2014,5,Antioquia,1266533,90.97%,90.85%,64.15%,90.68%,75.13%,41.79%,103.9%,84.41%,111.92%,109.8%,82.73%,31.17%,62.72%,2.33%,2.06%,1.91%,3.09%,2.01%,95.08%,97.87%,96.35%,92.71%,94.9%,2.59%,0.07%,1.74%,4.2%,3.09%,2.09%,0.12%,1.61%,3.35%,1.84%
2014,8,Atlántico,521917,85.81%,85.58%,52.18%,81.1%,74.83%,44.17%,93.65%,82.87%,101.61%,96.24%,73.86%,23.57%,80.87%,3.29%,1.28%,3.38%,3.66%,3.04%,96.37%,98.71%,96.21%,96%,96.72%,0.34%,0.01%,0.42%,0.35%,0.24%,1.82%,1.25%,1.7%,2.39%,1%
2014,11,"Bogotá, D.C.",1460379,80.79%,80.38%,57.76%,76.77%,75.23%,49.97%,86.66%,74.09%,86.68%,93.86%,78.68%,17.07%,99.44%,2.5%,2.7%,2.01%,3.01%,2.48%,97.36%,97.3%,97.93%,96.75%,97.35%,0.14%,0%,0.06%,0.25%,0.17%,8.69%,0.58%,5.47%,14.06%,8.14%
2014,13,Bolívar,490573,87.5%,87.41%,58.42%,85.29%,71.09%,37.69%,98.71%,103.3%,109.1%,98.15%,71.87%,21.18%,42.16%,3.53%,1.92%,3.47%,4.19%,3.06%,94.1%,98%,94.88%,91.95%,93.93%,2.37%,0.08%,1.65%,3.86%,3.01%,1.96%,0.97%,1.96%,2.5%,1.2%
2014,15,Boyacá,288366,83.94%,83.89%,63.09%,80.59%,74.9%,48.36%,94.74%,82.74%,92.61%,102.47%,89.85%,25.43%,21.05%,1.89%,1.67%,1.32%,2.55%,1.97%,93.8%,98.11%,95.83%,90.84%,93.39%,4.31%,0.22%,2.85%,6.6%,4.65%,2.24%,0.27%,1.68%,3.48%,1.86%
2014,17,Caldas,195455,80.96%,80.93%,54.11%,76.53%,70.6%,43.68%,92.36%,71.33%,94.42%,99.47%,83.4%,26.18%,28.42%,2.65%,3.01%,2.03%,3.45%,2.48%,94.74%,96.74%,95.86%,92.91%,94.8%,2.6%,0.25%,2.11%,3.64%,2.72%,1.73%,0.16%,1.35%,2.54%,1.79%
2014,18,Caquetá,124473,79.36%,79.33%,46.22%,79.56%,57.15%,23.36%,91.71%,80.82%,108.91%,88.44%,59.22%,28.64%,10.89%,4.23%,4.34%,3.85%,4.84%,4.27%,95.67%,95.66%,96.1%,95.11%,94.95%,0.1%,0%,0.05%,0.05%,0.78%,1.18%,0.12%,0.98%,1.91%,0.91%
2014,19,Cauca,316362,84.6%,84.58%,45.54%,86%,64.65%,31.39%,105.48%,83.07%,117.29%,109.27%,80.85%,21.34%,42.74%,4.54%,1.67%,3.8%,6.25%,4.91%,95.33%,98.33%,96.17%,93.73%,94.12%,0.12%,0%,0.04%,0.01%,0.97%,1.2%,0.13%,1.05%,1.78%,1.01%
2014,20,Cesar,261493,96.29%,96.14%,59.55%,93.79%,74.6%,36.99%,111.11%,114.26%,127.66%,106.98%,75.61%,28.52%,30.59%,4.95%,5.86%,4.41%,5.7%,4.25%,92.87%,93.45%,93.93%,91%,93.26%,2.19%,0.69%,1.66%,3.3%,2.5%,1.2%,0.68%,1.1%,1.69%,0.68%
2014,23,Córdoba,408623,93.23%,93.19%,54.82%,90.81%,74.98%,36.92%,110.59%,102.61%,118.3%,115.69%,84.48%,22.34%,45.22%,2.11%,1.7%,1.72%,2.64%,2.62%,97.5%,98.24%,98.07%,96.75%,96.58%,0.39%,0.06%,0.21%,0.62%,0.8%,2.01%,0.75%,2.07%,2.47%,1.47%
2014,25,Cundinamarca,573948,89.99%,89.79%,58.96%,85.05%,81.31%,48.48%,99.75%,88.53%,100.84%,109.05%,84.06%,19.65%,21.58%,2.6%,2.44%,1.94%,3.43%,2.56%,96.72%,97.55%,97.8%,95.43%,96.19%,0.69%,0.01%,0.26%,1.15%,1.25%,1.73%,0.29%,1.23%,2.73%,1.43%
2014,27,Chocó,145299,81.15%,81.14%,53.73%,83.75%,47.84%,18.37%,100.66%,89.83%,125.01%,88.43%,64.86%,18.8%,18.84%,3.53%,2.96%,3.25%,4.54%,2.74%,90.58%,96.82%,90.85%,87.19%,93.24%,5.89%,0.21%,5.9%,8.27%,4.02%,0.44%,0.29%,0.52%,0.39%,0.11%
2014,41,Huila,270459,88.35%,88.29%,59.17%,88.99%,75.54%,39.36%,99.41%,81.86%,107.26%,105.87%,75.89%,26.94%,24.48%,3.33%,2.23%,2.35%,4.87%,3.61%,96.53%,97.77%,97.63%,94.97%,95.64%,0.14%,0%,0.02%,0.16%,0.74%,1.08%,0.19%,0.86%,1.6%,1.1%
2014,44,La Guajira,251458,74.91%,74.87%,47.26%,71.68%,44.78%,20.09%,88.84%,97.32%,115.69%,70.35%,43.85%,22.55%,37.52%,4.48%,2.26%,4.27%,6.03%,4.05%,95.14%,97.63%,95.52%,93.18%,95.26%,0.38%,0.11%,0.21%,0.8%,0.69%,1.3%,0.53%,1.28%,1.82%,1.06%
2014,47,Magdalena,331389,90.35%,90.1%,59.38%,83.79%,67.94%,33.95%,108.4%,128.4%,126.67%,99.26%,69.5%,19.59%,23%,2.96%,1.81%,2.97%,3.34%,2.87%,96.05%,97.8%,96.23%,95.22%,96.07%,0.99%,0.4%,0.8%,1.44%,1.06%,0.93%,0.96%,0.86%,1.17%,0.49%
2014,50,Meta,215227,94.77%,94.72%,59.88%,93.29%,78.64%,42.39%,106.4%,90.26%,118.91%,108.51%,77.98%,28.07%,21.28%,3.02%,3.31%,2.72%,3.6%,2.37%,95.07%,96.55%,96.07%,93.11%,95.7%,1.9%,0.13%,1.21%,3.29%,1.94%,1.41%,0.1%,1.06%,2.44%,0.77%
2014,52,Nariño,397640,75.23%,75.22%,40.97%,73.85%,56.67%,30.02%,89.87%,71.81%,102.11%,87.78%,72.66%,22.2%,36.4%,2.91%,0.52%,2.6%,4%,2.58%,96.98%,99.48%,97.36%,95.83%,97.03%,0.11%,0%,0.04%,0.17%,0.4%,1.6%,0.39%,1.36%,2.38%,1.37%
2014,54,Norte de Santander,313966,87.2%,87.15%,57.87%,89.64%,68.4%,36.99%,98.77%,95.62%,113.08%,96.13%,72.08%,28.03%,15.46%,3.3%,3.61%,3.37%,3.4%,2.46%,96.07%,96.31%,96.28%,95.57%,96.48%,0.62%,0.09%,0.36%,1.02%,1.06%,1.64%,0.36%,1.21%,2.71%,1.4%
2014,63,Quindio,110359,83.93%,83.9%,44.26%,76.97%,78.46%,44.57%,97.59%,71.11%,95.29%,112.65%,86.52%,29.57%,32.26%,3.68%,3.98%,2.91%,4.69%,3.11%,93.02%,95.92%,95.15%,90%,93.46%,3.29%,0.11%,1.93%,5.31%,3.43%,1.41%,0.16%,1.08%,2.18%,1.05%
2014,66,Risaralda,185754,88.18%,88.02%,51.56%,84.11%,76.47%,41.11%,103.53%,82.14%,106.63%,114.18%,85.75%,26.09%,56.63%,3.67%,4%,3.04%,4.65%,2.96%,93.08%,95.48%,94.54%,90.6%,93.52%,3.25%,0.52%,2.42%,4.75%,3.52%,1.66%,0.16%,1.32%,2.62%,1.2%
2014,68,Santander,413227,93.63%,93.52%,57.1%,93.33%,81.72%,47%,105.95%,95.89%,114.25%,110.33%,83.1%,26.12%,21.54%,2.82%,2.42%,2.43%,3.46%,2.65%,95.45%,97.1%,96.59%,93.75%,95.08%,1.73%,0.49%,0.98%,2.8%,2.27%,1.76%,0.28%,1.36%,2.8%,1.36%
2014,70,Sucre,201098,96.88%,96.82%,68.99%,95.99%,75.59%,39.86%,113.29%,131.26%,124.25%,110.21%,83.81%,23.85%,59.08%,5.83%,2.16%,5.87%,7.25%,4.9%,85.08%,97.21%,85.57%,80.06%,86.61%,9.08%,0.63%,8.56%,12.69%,8.49%,1.2%,0.56%,1.18%,1.58%,0.79%
2014,73,Tolima,313709,86.36%,86.3%,51.27%,84.15%,72.77%,40.72%,96.32%,84.76%,105.4%,98.84%,74.52%,26.31%,34.56%,4.16%,2.83%,4.21%,4.56%,3.62%,90.31%,96.89%,91.55%,86.86%,91.45%,5.53%,0.27%,4.25%,8.58%,4.93%,0.92%,0.14%,0.82%,1.32%,0.65%
2014,76,Valle del Cauca,880625,85.52%,85.34%,53.64%,83.48%,70.81%,39.12%,98.4%,87.98%,105.84%,103.24%,76.79%,21.91%,36.22%,2.16%,2.06%,1.8%,2.74%,1.96%,95.6%,97.76%,96.62%,93.64%,95.9%,2.24%,0.18%,1.59%,3.61%,2.14%,0.82%,0.23%,0.81%,1.06%,0.52%
2014,81,Arauca,74948,71.55%,71.51%,43.19%,70.83%,54.71%,27.6%,81.48%,76.66%,93.11%,79.12%,56.24%,20.42%,21.23%,5.59%,1.65%,5%,7.39%,6.76%,94.4%,98.35%,95%,92.61%,93.13%,0.01%,0%,0%,0%,0.11%,2.04%,0.71%,1.47%,3.72%,1.39%
2014,85,Casanare,86899,103.26%,103.24%,70.06%,102.1%,84.71%,46.18%,117.09%,100.87%,128.33%,120.06%,90.92%,25.78%,23.46%,2.27%,1.92%,2.08%,2.64%,2.2%,92.87%,97.8%,94.55%,89%,93.95%,4.86%,0.28%,3.37%,8.36%,3.85%,1.19%,0.17%,1.02%,1.87%,0.56%
2014,86,Putumayo,92368,77.72%,77.71%,36.98%,76.41%,63.22%,28.53%,90.13%,75.09%,98.89%,95.06%,65.79%,28.41%,18.04%,4.33%,4.1%,3.4%,5.76%,4.23%,94.59%,95.9%,95.96%,92.48%,93.92%,1.08%,0%,0.64%,1.76%,1.85%,1.04%,0.19%,0.76%,1.79%,0.98%
2014,88,"Archipiélago de San Andrés, Providencia y Santa Catalina",15395,68.17%,68.13%,54.44%,68.17%,61.25%,38.52%,73.86%,76.59%,76.07%,78.89%,57.48%,26.04%,96%,1.22%,2.11%,0.94%,1.25%,1.55%,98.74%,97.89%,99.06%,98.75%,98.17%,0.03%,0%,0%,0%,0.27%,3.72%,0.24%,2.9%,5.69%,3.76%
2014,91,Amazonas,22167,82.13%,82.11%,43.91%,84.93%,57.69%,23.09%,95.65%,89.5%,114.05%,89.12%,63.26%,20.29%,16.51%,3.04%,2.97%,1.95%,4.67%,4.35%,96.93%,97.03%,98.02%,95.28%,95.65%,0.03%,0%,0.03%,0.05%,0%,3.9%,0.67%,3.32%,6.17%,3.39%
2014,94,Guainía,11916,73.67%,73.67%,57.3%,71.08%,34.22%,8.03%,90.09%,115.92%,116.34%,76.82%,40.08%,26.42%,30.77%,4.88%,4.59%,3.8%,7.24%,5.33%,81.94%,84.72%,84.86%,73.67%,86.27%,13.17%,10.69%,11.34%,19.09%,8.4%,4.64%,5.24%,4.28%,5.62%,2.64%
2014,95,Guaviare,31344,56.23%,56.23%,26.53%,54.26%,43.26%,20.72%,67.66%,51.86%,74.98%,71.57%,48.53%,29.54%,15.02%,2.57%,2.35%,2.34%,3.16%,2.07%,97.17%,96.23%,97.59%,96.57%,97.62%,0.26%,1.42%,0.07%,0.27%,0.3%,1.42%,0.49%,1.17%,2.04%,1.67%
2014,97,Vaupés,12699,62.82%,62.82%,20.97%,62.37%,34.17%,11.1%,74.25%,41.77%,99.52%,65.62%,41.31%,15.28%,12.61%,7.86%,3.18%,5.99%,11.83%,12.07%,90%,96.82%,92.42%,85.48%,81.57%,2.14%,0%,1.59%,2.68%,6.36%,3.2%,1.03%,4.11%,2.09%,0.86%
2014,99,Vichada,21331,74.52%,74.51%,34.5%,74.82%,36.18%,14.2%,84.1%,83.6%,118.12%,62.09%,36.36%,17.86%,49.46%,5.09%,3%,3.95%,8.63%,5.48%,88.75%,94.06%,88.65%,86.89%,89.51%,6.16%,2.94%,7.4%,4.47%,5.01%,1.1%,0.08%,0.93%,1.97%,0.81%
2013,5,Antioquia,1272458,92.06%,91.93%,67.61%,91.53%,75.66%,42.71%,105.69%,89.77%,114.71%,110.13%,83.42%,52.72%,68.47%,3.57%,2.92%,2.94%,4.8%,3.07%,91.59%,96.96%,93.02%,88.24%,91.76%,4.84%,0.12%,4.04%,6.96%,5.17%,1.57%,0.2%,1.41%,2.27%,1.12%
2013,8,Atlántico,522832,86.41%,86.22%,53.67%,83.23%,74.1%,43.94%,95.58%,90.45%,105.34%,96.36%,72.05%,29.46%,84.94%,3.12%,1.58%,3.55%,3.17%,2.33%,95.77%,97.86%,95.44%,95.41%,96.72%,1.11%,0.56%,1%,1.43%,0.95%,1.66%,1.79%,1.71%,1.89%,0.79%
2013,11,"Bogotá, D.C.",1466854,84.5%,84.07%,61.24%,79.32%,79.72%,52.67%,91.42%,78.94%,89.84%,99.41%,85.53%,28.08%,99.86%,3.68%,0.59%,3.1%,4.82%,3.74%,96.32%,99.4%,96.9%,95.18%,96.26%,0%,0.01%,0%,0%,0%,6.89%,0.91%,4.88%,10.78%,5.54%
2013,13,Bolívar,492500,89.66%,89.55%,59.86%,87.5%,70.4%,38.27%,103.72%,110.14%,115.02%,101.57%,76.86%,34.98%,52.59%,2.56%,2.57%,2.58%,2.66%,2.2%,94.23%,97.01%,94.91%,92.57%,93.72%,3.2%,0.42%,2.51%,4.77%,4.08%,1.91%,1.09%,2.12%,2.19%,0.83%
2013,15,Boyacá,292312,85.1%,85.05%,66.11%,81.56%,75.09%,48.43%,96.3%,84.49%,94.3%,102.56%,94.08%,39.97%,23.57%,2.45%,2.3%,1.78%,3.25%,2.5%,93.41%,97.43%,95.35%,90.22%,93.77%,4.14%,0.27%,2.88%,6.53%,3.74%,1.69%,0.4%,1.28%,2.55%,1.37%
2013,17,Caldas,196982,82.58%,82.54%,56.05%,78.2%,70.78%,44.6%,94.92%,75.79%,98.79%,100.75%,83.2%,40.09%,34.49%,4.1%,4.26%,3.36%,5.38%,3.21%,88.64%,95.38%,90.3%,84.42%,90.4%,7.25%,0.36%,6.34%,10.2%,6.39%,1.87%,0.31%,1.57%,2.75%,1.42%
2013,18,Caquetá,124458,80.95%,80.94%,49.28%,81.93%,56.48%,23.87%,95.55%,89.72%,114.83%,90.45%,58.16%,46.7%,8.48%,6.55%,6.08%,6.69%,6.95%,4.34%,92.48%,93.66%,92.55%,91.57%,94.48%,0.96%,0.26%,0.76%,1.48%,1.18%,1.32%,0.37%,1.13%,2.06%,0.89%
2013,19,Cauca,320510,84.34%,84.33%,47.61%,85.42%,63.11%,31.9%,104.67%,86%,122.39%,101.61%,77.68%,30.35%,24.64%,3.74%,2.01%,3.4%,4.75%,3.6%,91.69%,97.04%,91.86%,89.78%,92.82%,4.57%,0.96%,4.74%,5.47%,3.59%,1.28%,0.32%,1.2%,1.67%,1.23%
2013,20,Cesar,262240,94.92%,94.8%,58.66%,93.36%,71.46%,36.02%,109.98%,118.37%,124.67%,106.2%,75.74%,44.23%,22.4%,4.53%,6.02%,4.32%,4.77%,3.3%,89.87%,91.57%,90.67%,87.73%,91.16%,5.6%,2.42%,5.01%,7.5%,5.54%,1.07%,1.22%,0.99%,1.27%,0.68%
2013,23,Córdoba,407589,93.39%,93.35%,57.06%,92.17%,73.47%,36.38%,110.67%,110.3%,122.75%,110.9%,79.41%,32.42%,18.28%,2.3%,2.18%,1.96%,2.79%,2.44%,96.13%,97.06%,96.79%,94.98%,95.72%,1.57%,0.75%,1.24%,2.23%,1.84%,2.69%,2.32%,2.85%,2.86%,1.73%
2013,25,Cundinamarca,572012,90.49%,90.28%,61%,85.47%,82.08%,47.98%,100.66%,88.69%,101.81%,110.73%,83.73%,23.42%,30.51%,3.17%,3.53%,2.61%,3.93%,2.69%,95.7%,96.44%,96.84%,94.14%,95.9%,1.12%,0.03%,0.55%,1.93%,1.41%,1.9%,0.38%,1.39%,2.95%,1.52%
2013,27,Chocó,145133,79.59%,79.59%,55.47%,82.73%,44.28%,18.43%,96.73%,95.65%,122.5%,82.31%,56.24%,17.38%,7.96%,4.59%,2.79%,4.29%,6.19%,3.71%,88.85%,97.07%,88.62%,85.44%,91.92%,6.56%,0.14%,7.09%,8.37%,4.38%,0.15%,0.25%,0.16%,0.11%,0.06%
2013,41,Huila,272091,89.73%,89.68%,64.77%,90.86%,75.27%,39.07%,101.65%,88.51%,113.53%,104.67%,73.09%,39.56%,11.73%,4.78%,4.2%,3.27%,7%,4.99%,92.18%,95.73%,94.34%,88.61%,91.05%,3.04%,0.07%,2.38%,4.39%,3.97%,1.03%,0.24%,0.77%,1.65%,0.81%
2013,44,La Guajira,244513,74.8%,74.73%,45.36%,71.75%,43.38%,19.95%,87.85%,100.36%,114.38%,67.89%,43.91%,47.37%,14.04%,5.27%,4.08%,5.69%,5.31%,3.48%,94.12%,95.66%,93.77%,93.79%,95.83%,0.61%,0.26%,0.54%,0.9%,0.68%,2.35%,1.9%,2.47%,2.61%,1.11%
2013,47,Magdalena,332266,96.03%,95.83%,63.85%,89.83%,68.82%,34.97%,117.11%,144.97%,141.75%,100.58%,71.96%,36.44%,30.69%,3.19%,2.03%,3.13%,3.87%,2.68%,95.32%,97.26%,95.41%,94.26%,96%,1.49%,0.72%,1.46%,1.86%,1.32%,1.32%,1.31%,1.28%,1.56%,0.76%
2013,50,Meta,213170,94.83%,94.76%,62.52%,94.48%,76.98%,43.24%,106.43%,95.9%,119.02%,105.96%,80.32%,42.67%,19.32%,4.49%,4.66%,3.83%,5.69%,3.72%,93.87%,95.17%,95.15%,91.59%,94.06%,1.63%,0.17%,1.02%,2.72%,2.22%,1.15%,0.15%,0.93%,1.86%,0.66%
2013,52,Nariño,399032,76.6%,76.58%,45.93%,75.34%,56.14%,28.99%,93.62%,77.61%,111.69%,90.65%,62.36%,32.94%,30.83%,2.9%,0.88%,3.07%,3.39%,2.07%,95.83%,99.1%,96.34%,94.31%,95.58%,1.26%,0.02%,0.59%,2.31%,2.35%,1.85%,0.52%,1.84%,2.34%,1.34%
2013,54,Norte de Santander,317334,86.42%,86.37%,61.14%,88.74%,66.27%,37.86%,100.76%,101.28%,117.19%,96.31%,70.64%,43.68%,8.69%,3.66%,3.76%,3.11%,4.68%,3.02%,95.29%,96.1%,96.15%,93.69%,95.47%,1.05%,0.14%,0.74%,1.63%,1.5%,1.72%,0.66%,1.3%,2.67%,1.56%
2013,63,Quindio,111539,85.89%,85.87%,51.39%,78.3%,78.46%,47.06%,100.48%,78.84%,100.46%,112.71%,87.2%,49.12%,64.71%,5.3%,6.17%,4.3%,6.75%,4.07%,89.7%,93.76%,92.31%,85.55%,90.75%,4.99%,0.06%,3.39%,7.71%,5.19%,1.21%,0.08%,1.04%,1.81%,0.65%
2013,66,Risaralda,187946,89.97%,89.81%,58.08%,85.86%,75.28%,42.49%,106.4%,92.38%,112.67%,113.31%,85.08%,30.08%,27.54%,5.17%,5.43%,3.69%,7.45%,3.97%,89.77%,93.66%,93.03%,84.44%,90.39%,5.06%,0.91%,3.28%,8.12%,5.64%,0.94%,0.26%,0.86%,1.29%,0.63%
2013,68,Santander,419596,93.4%,93.28%,60.45%,92.92%,80.27%,48.09%,106.44%,103.86%,114.56%,109.06%,84.09%,38.86%,15.65%,3.6%,4.7%,2.69%,4.72%,3.09%,92.98%,94.83%,95.3%,89.7%,92.5%,3.41%,0.47%,2%,5.58%,4.41%,2.04%,0.87%,1.48%,3.29%,1.35%
2013,70,Sucre,202453,96.68%,96.64%,67.66%,95.7%,75.42%,39.63%,117.32%,133.11%,137.45%,106.85%,81.58%,34.84%,30.49%,3.83%,4.08%,3.31%,4.66%,3.41%,86.68%,95.1%,87.51%,82.44%,87.68%,9.49%,0.82%,9.19%,12.9%,8.91%,0.7%,0.77%,0.72%,0.69%,0.64%
2013,73,Tolima,317546,87.02%,86.95%,55.82%,83.99%,73.08%,40.52%,100.2%,90.67%,104.19%,108.57%,78.24%,37%,20.39%,4.01%,4.57%,3.5%,4.9%,3.04%,88.65%,95.13%,90.39%,84.14%,90.54%,7.34%,0.3%,6.11%,10.96%,6.41%,0.5%,0.16%,0.5%,0.61%,0.39%
2013,76,Valle del Cauca,887988,87.56%,87.37%,58.92%,84.98%,71.27%,40.61%,101.44%,94.38%,110.17%,104.54%,78.82%,29.67%,56.39%,3.04%,2.72%,2.57%,3.8%,2.88%,93.57%,97.04%,94.83%,91.07%,93.6%,3.39%,0.25%,2.59%,5.13%,3.52%,1.3%,0.34%,1.09%,1.9%,0.86%
2013,81,Arauca,74658,70.71%,70.7%,43.08%,69.81%,54.13%,27.78%,81.63%,81.38%,93.13%,78.11%,56.13%,27.69%,16.63%,4.17%,2.13%,4.26%,5.09%,2.63%,95.83%,97.87%,95.74%,94.91%,97.28%,0.01%,0%,0%,0%,0.09%,2.42%,1.42%,1.96%,3.63%,2.04%
2013,85,Casanare,86460,103.73%,103.69%,74.55%,102.07%,84.85%,45.46%,117.81%,109.85%,127.8%,120.14%,92.1%,31.93%,33.44%,3.67%,4.42%,3.14%,4.5%,2.93%,90.86%,95.17%,92.3%,87.28%,92.38%,5.47%,0.41%,4.56%,8.22%,4.7%,1.34%,0.33%,1.21%,2.03%,0.54%
2013,86,Putumayo,92887,76.96%,76.96%,36.82%,76.77%,60.32%,27.69%,89.83%,80.15%,99.83%,92.02%,65.13%,55.79%,7.51%,5.68%,6.25%,4.5%,7.44%,5.41%,88.53%,93.44%,91.13%,83.57%,87.73%,5.79%,0.32%,4.38%,8.98%,6.86%,0.98%,0.37%,0.92%,1.34%,0.56%
2013,88,"Archipiélago de San Andrés, Providencia y Santa Catalina",15536,67.93%,67.89%,48.61%,66.5%,62.41%,39.06%,74.43%,67.22%,74.96%,81.92%,61.98%,38.24%,80%,0.91%,0.93%,1%,0.97%,0.42%,99.08%,99.07%,99%,99.03%,99.49%,0.01%,0%,0%,0%,0.08%,4.73%,4.12%,3.31%,6.98%,3.63%
2013,91,Amazonas,22123,81.84%,81.83%,48.38%,83.96%,58.22%,22.09%,95.41%,96.86%,111.83%,91.23%,59.61%,27.6%,12.84%,3.29%,3.16%,1.82%,5.26%,5.57%,95.78%,96.84%,97.05%,94.17%,92.31%,0.93%,0%,1.13%,0.56%,2.12%,4.32%,2.46%,4.41%,5.16%,2.58%
2013,94,Guainía,11918,72.57%,72.56%,50.89%,69.02%,30.32%,9.12%,114.03%,108.76%,150.84%,101.87%,52.76%,59.64%,23.08%,4.93%,3.56%,3.83%,7.92%,6.21%,79.71%,86.24%,80.71%,73.52%,83.3%,15.36%,10.2%,15.47%,18.56%,10.49%,3.59%,5.1%,3.72%,3.06%,1.55%
2013,95,Guaviare,31276,57.33%,57.32%,29.48%,55.21%,44.04%,20.89%,70.31%,58.4%,78.05%,73.35%,49.64%,45.17%,21.43%,4.02%,3.63%,4.31%,4.14%,2.39%,95.97%,96.37%,95.69%,95.86%,97.56%,0.01%,0%,0%,0%,0.06%,1.16%,0.31%,0.8%,1.84%,1.79%
2013,97,Vaupés,12659,62.25%,62.25%,21.69%,63.88%,33.2%,8.94%,74.45%,46.56%,100.04%,64.21%,41.06%,14.37%,19.33%,8.53%,11.55%,7.25%,11.19%,6.75%,81.3%,86.93%,80.44%,80.97%,85.61%,10.17%,1.52%,12.31%,7.85%,7.64%,2.85%,0.76%,2.96%,3.01%,3.2%
2013,99,Vichada,20977,74.61%,74.6%,35.04%,74.82%,36.74%,14.01%,84.57%,85.77%,119.02%,62.13%,35.26%,20.97%,35.33%,9.17%,7.4%,9.83%,8.75%,6.71%,87.84%,92.33%,87.5%,86.8%,88.89%,2.99%,0.26%,2.67%,4.46%,4.4%,1.25%,0.33%,0.91%,2.36%,1.7%
2012,5,Antioquia,1278686,92.79%,92.65%,73.2%,92.65%,74.84%,43.5%,105.8%,94.38%,116.03%,109.14%,80.91%,27.96%,62.51%,4.01%,2.55%,3.5%,5.19%,3.77%,92.04%,97.24%,93.05%,89.26%,92.21%,3.95%,0.2%,3.44%,5.55%,4.02%,1.93%,0.2%,1.67%,2.95%,1.1%
2012,8,Atlántico,523911,91.59%,91.43%,53.03%,89.05%,76.73%,45.86%,100.39%,87.56%,109.84%,102.95%,77.63%,22.46%,51.04%,3.32%,2.01%,3.59%,3.43%,2.77%,96.29%,97.84%,96.07%,96.04%,96.9%,0.42%,0.16%,0.36%,0.57%,0.35%,0.8%,0.49%,0.85%,0.93%,0.42%
2012,11,"Bogotá, D.C.",1470171,86.94%,86.52%,66.33%,83.97%,81.47%,51.78%,92.86%,82.17%,94.28%,101.09%,78.59%,17.5%,100%,3.89%,,3.42%,4.88%,4.45%,96.11%,100%,96.58%,95.12%,95.55%,0%,0%,0%,0%,0%,5.17%,0.19%,3.61%,8.31%,4.08%
2012,13,Bolívar,495108,88.97%,88.87%,60.47%,87.67%,68.02%,38.08%,103.53%,106.56%,116.28%,100.31%,77.07%,22.5%,33.44%,3.39%,3.37%,3.25%,3.57%,3.5%,92.83%,95.73%,93.56%,91.11%,92.14%,3.78%,0.9%,3.19%,5.32%,4.36%,2.4%,1.88%,2.49%,2.88%,1.01%
2012,15,Boyacá,297132,85.7%,85.64%,70.48%,81.46%,74.61%,48.24%,99.96%,92.95%,95.26%,111.24%,91.74%,24.77%,29.95%,3.23%,2.74%,2.38%,4.26%,3.47%,91.92%,97.04%,94.11%,88.26%,91.66%,4.86%,0.21%,3.51%,7.48%,4.87%,2%,0.48%,1.44%,3.11%,1.5%
2012,17,Caldas,198526,84.55%,84.5%,64.28%,81.03%,72%,43.83%,96.6%,84.88%,100.17%,103.16%,80.79%,23.73%,30.75%,4.64%,4.7%,3.98%,5.91%,3.57%,88.95%,94.83%,90.35%,85.32%,90.21%,6.4%,0.47%,5.67%,8.77%,6.22%,4.32%,0.9%,4.26%,5.73%,2.38%
2012,18,Caquetá,124622,83.28%,83.25%,49.34%,85.86%,56.23%,24.37%,98.26%,86.33%,118.04%,94.95%,58.65%,27.41%,11.98%,7.23%,6.91%,6.92%,8.38%,5.22%,91.6%,92.95%,92.24%,89.7%,92.91%,1.16%,0.13%,0.83%,1.92%,1.87%,1.16%,0.35%,1.09%,1.6%,0.72%
2012,19,Cauca,325212,83.48%,83.4%,53.59%,85.38%,60.53%,29.56%,102.15%,94.47%,121.29%,98.98%,67.13%,18.85%,43.75%,4.02%,2.89%,3.04%,5.42%,5.53%,92.05%,96.76%,92.62%,90.23%,91.03%,3.93%,0.35%,4.34%,4.34%,3.44%,1.15%,0.27%,1.06%,1.61%,0.8%
2012,20,Cesar,263271,94.15%,94.01%,65.94%,93.85%,69.36%,34.62%,109%,126.49%,126.51%,101.22%,71.1%,26.28%,25.9%,5.13%,6.22%,5.28%,5.08%,3.24%,90.08%,91.66%,90.8%,88.11%,91.11%,4.8%,2.12%,3.92%,6.81%,5.65%,1.49%,0.95%,1.37%,2%,0.89%
2012,23,Córdoba,405302,93.78%,93.69%,65.06%,91.54%,71.82%,37.52%,110.73%,114.96%,121.51%,111.46%,79.37%,22.35%,30.49%,2.95%,3.14%,2.48%,3.51%,3.31%,95.33%,96.38%,96.17%,94.07%,94.23%,1.72%,0.48%,1.35%,2.43%,2.46%,2.56%,1.86%,2.59%,3.01%,1.52%
2012,25,Cundinamarca,571082,91.17%,90.97%,63.61%,87.82%,81.53%,47.27%,101.88%,87.31%,103.89%,112.54%,83.12%,16.78%,39.91%,2.94%,3.24%,2.17%,3.82%,2.85%,95.84%,96.7%,97.25%,94.2%,95.17%,1.22%,0.06%,0.57%,1.97%,1.97%,2.02%,0.39%,1.53%,3.2%,1.28%
2012,27,Chocó,145607,80.97%,80.95%,62.17%,83.24%,41.9%,19.1%,99.64%,95.46%,130.24%,81.85%,55.82%,14.92%,18.98%,2.09%,1.32%,1.74%,2.98%,2.98%,91.88%,97.23%,92.32%,88.53%,92.76%,6.03%,1.45%,5.95%,8.49%,4.26%,0.1%,0%,0.06%,0.21%,0.11%
2012,41,Huila,273653,89.77%,89.73%,67.15%,92.67%,73.8%,37.98%,100.19%,90.94%,111.82%,103.66%,69.78%,26.44%,44.54%,5.23%,4.59%,3.97%,7.31%,4.93%,90.01%,95.21%,92.08%,85.97%,89.23%,4.76%,0.2%,3.95%,6.72%,5.83%,1.81%,0.14%,1.72%,2.52%,1.09%
2012,44,La Guajira,239298,75.42%,75.33%,46.22%,72.47%,41.86%,20.67%,89.93%,100.6%,118.57%,67.13%,47.18%,22.53%,35.66%,6.81%,4.81%,6.2%,8.83%,8.42%,92.33%,94.86%,92.92%,90%,91%,0.86%,0.33%,0.88%,1.17%,0.58%,3.44%,2.97%,4%,2.97%,1.04%
2012,47,Magdalena,334586,91.82%,91.64%,65.58%,87.26%,64.96%,34.07%,108.68%,132.73%,126.98%,97.48%,70.94%,22.4%,30.3%,6.22%,20.84%,4.91%,3.85%,3.24%,91.97%,78.35%,93.21%,94.03%,95.13%,1.81%,0.81%,1.89%,2.12%,1.63%,1.59%,1.54%,1.49%,2.03%,0.62%
2012,50,Meta,210820,93.35%,93.29%,67.14%,92.31%,75.91%,40.64%,103%,98.87%,114.39%,104.58%,72.52%,26.14%,10.77%,5.85%,5.74%,5.06%,7.3%,5.07%,91.68%,94.01%,93.44%,88.49%,91.6%,2.47%,0.25%,1.51%,4.21%,3.32%,1.8%,0.18%,1.5%,2.8%,1.09%
2012,52,Nariño,401539,77.75%,77.73%,49.18%,77.76%,53.64%,28.59%,92.96%,77.17%,114.83%,86.62%,58.96%,21.4%,22.69%,1.84%,1.32%,1.54%,2.37%,2.29%,97.02%,98.63%,97.56%,95.83%,96.49%,1.14%,0.05%,0.9%,1.8%,1.22%,1.89%,0.66%,1.69%,2.71%,1.17%
2012,54,Norte de Santander,322304,86%,85.93%,71.79%,90.29%,64.3%,35.87%,96.69%,104.84%,112.76%,91.5%,65.85%,26.52%,12.78%,4.89%,4.33%,4.49%,5.93%,4.06%,93.58%,95.36%,94.52%,91.63%,93.73%,1.52%,0.31%,0.99%,2.45%,2.21%,2%,0.93%,1.51%,3.15%,1.55%
2012,63,Quindio,112175,88.77%,88.74%,57.76%,83.48%,79.17%,46.59%,102.48%,85.14%,102.69%,115.75%,84.76%,27.72%,20.29%,6.23%,6.6%,5.33%,7.71%,4.87%,89.79%,93.22%,92.03%,85.99%,90.92%,3.99%,0.19%,2.64%,6.3%,4.21%,1.23%,0.19%,0.89%,1.96%,0.68%
2012,66,Risaralda,189484,92.91%,92.77%,66.03%,91.19%,75.09%,42.98%,109.1%,101.05%,115.24%,114.83%,87.7%,21.73%,46.96%,7.04%,6.06%,5.74%,9.21%,6.46%,87.91%,93.06%,90.82%,82.62%,88.3%,5.06%,0.88%,3.44%,8.17%,5.25%,1.13%,0.39%,0.94%,1.66%,0.65%
2012,68,Santander,425904,92.21%,92.11%,70.17%,92.89%,77.82%,46.84%,103.99%,113%,111.22%,105.22%,81.41%,24.89%,22.18%,4.67%,5.46%,3.79%,5.89%,3.84%,92.65%,94.21%,94.58%,89.66%,92.93%,2.68%,0.32%,1.64%,4.44%,3.23%,2.53%,1%,1.75%,4.18%,1.58%
2012,70,Sucre,203626,95.6%,95.55%,67.51%,95.1%,73.72%,38.11%,112.62%,131.62%,128.16%,105.8%,79.65%,23.33%,26.4%,4.83%,5.15%,4.77%,5%,4.31%,85.68%,94.05%,86.01%,82.19%,86.79%,9.49%,0.8%,9.22%,12.81%,8.9%,0.65%,0.46%,0.65%,0.75%,0.54%
2012,73,Tolima,321653,87.47%,87.42%,61.62%,85.71%,71.82%,39.77%,97.11%,93.43%,108.4%,97.3%,70.92%,24.81%,42.37%,5.11%,4.92%,4.39%,6.42%,4.31%,87.38%,94.73%,89.53%,82.04%,89.29%,7.51%,0.35%,6.08%,11.54%,6.4%,0.66%,0.31%,0.69%,0.8%,0.37%
2012,76,Valle del Cauca,894698,88.26%,88.09%,60.32%,86.16%,71.21%,40.62%,101.86%,103.98%,111.69%,103.27%,76.19%,22.35%,40.32%,4.32%,4.79%,3.74%,5.21%,3.69%,92.39%,95.01%,93.91%,89.52%,92.98%,3.29%,0.2%,2.34%,5.28%,3.33%,1.64%,0.43%,1.39%,2.4%,1.01%
2012,81,Arauca,74454,72.33%,72.29%,51.48%,70.61%,54.47%,29.81%,83.67%,87.4%,92.29%,80.66%,61.94%,16.46%,17.33%,4.99%,4.63%,4.72%,5.72%,4.56%,94.99%,95.37%,95.28%,94.27%,95.21%,0.03%,0%,0%,0.01%,0.23%,3.83%,1.87%,3.06%,5.9%,3.09%
2012,85,Casanare,85999,103.94%,103.88%,78.45%,102%,85.4%,44.03%,117.02%,111%,124.85%,123.4%,87.9%,24.17%,18.7%,6.52%,5.57%,5.44%,8.39%,6.08%,87.67%,94.34%,90.35%,81.97%,88.88%,5.81%,0.08%,4.21%,9.64%,5.03%,1.92%,0.28%,1.5%,3.1%,1.29%
2012,86,Putumayo,93570,78.17%,78.17%,48.82%,78.95%,57.46%,27.28%,93.12%,93.3%,104.13%,91.93%,67.64%,23.77%,15.74%,6.16%,6.05%,5.63%,7.44%,4.88%,89.6%,93.67%,91.34%,85.37%,90.23%,4.24%,0.28%,3.04%,7.19%,4.89%,1.03%,0.25%,1%,1.33%,0.73%
2012,88,"Archipiélago de San Andrés, Providencia y Santa Catalina",15648,68.7%,68.65%,59.87%,69.69%,60.91%,39.82%,76.21%,80.41%,76.85%,79.21%,66.91%,25.28%,0%,1.26%,1.21%,1.12%,1.52%,1.12%,98.16%,98.79%,98.37%,97.72%,98.16%,0.58%,0%,0.51%,0.76%,0.72%,3.9%,0.74%,2.31%,7.03%,2.74%
2012,91,Amazonas,22194,81.87%,81.87%,60.22%,85.62%,53.33%,22.31%,94.76%,108.82%,113.46%,84.95%,58.28%,19.34%,20.91%,4.7%,5.16%,2.3%,7.97%,8.06%,93.74%,94.84%,95.78%,90.68%,89.96%,1.56%,0%,1.92%,1.35%,1.98%,6.3%,2.77%,6.83%,7.25%,3.17%
2012,94,Guainía,11920,70.82%,70.82%,47.69%,72.5%,28.38%,8.24%,85.9%,97.97%,123.18%,66.45%,33.19%,18.6%,18.95%,8.91%,9.43%,8.18%,10.63%,7.93%,78.18%,82.29%,79.74%,72.63%,77.4%,12.91%,8.29%,12.08%,16.74%,14.66%,1.75%,2.47%,1.77%,1.46%,1.43%
2012,95,Guaviare,31272,59.2%,59.18%,37.54%,58.24%,43.64%,19.62%,71.3%,61.81%,80.5%,71.54%,50.99%,18.66%,11.42%,4.86%,4.11%,5.37%,4.46%,3.89%,94.89%,95.77%,94.46%,95.27%,95.28%,0.26%,0.12%,0.17%,0.28%,0.84%,1.5%,1.21%,1.13%,2.4%,0.73%
2012,97,Vaupés,12681,62.32%,62.32%,25.29%,63.35%,31.81%,9.36%,73.18%,43.72%,100.51%,61.76%,37.78%,13.21%,20.61%,7.62%,9.09%,6.62%,8.9%,10.82%,79.86%,88.64%,79.86%,78.81%,76.63%,12.52%,2.27%,13.52%,12.3%,12.54%,5.11%,2.12%,5.95%,4.8%,1.31%
2012,99,Vichada,20686,66.75%,66.75%,38.02%,66.96%,33.37%,15.01%,75.11%,70.78%,103.97%,56.97%,35.88%,15.67%,17.86%,5.07%,7.59%,4.41%,6.11%,4.14%,88.24%,88.41%,86.45%,91.08%,93.94%,6.69%,4%,9.14%,2.81%,1.92%,1.31%,0.33%,1.33%,1.67%,1.04%
2011,5,Antioquia,1288473,94.01%,93.85%,70.28%,94.12%,75.68%,44.37%,106.81%,85.69%,117.5%,110.81%,84.06%,27.47%,74.48%,3.97%,3.62%,3.65%,4.57%,3.71%,93.98%,96.31%,94.56%,92.89%,93.33%,2.06%,0.07%,1.8%,2.54%,2.96%,4.25%,1.12%,4.56%,5.27%,1.68%
2011,8,Atlántico,523935,99.32%,99.05%,50.59%,98.93%,80.22%,50.17%,107.88%,84.19%,120.41%,107.89%,87.98%,24.42%,80.46%,2.76%,2.6%,3.06%,2.42%,2.61%,96.7%,97.28%,96.49%,96.91%,96.64%,0.54%,0.12%,0.45%,0.67%,0.75%,1.82%,1.95%,1.77%,2.18%,0.88%
2011,11,"Bogotá, D.C.",1479334,90.7%,90.29%,68.63%,86.99%,84.7%,55.01%,97.78%,82.04%,97.94%,106.48%,87.76%,26.75%,94.21%,3.95%,10.05%,5.3%,1.96%,2.55%,96.05%,89.95%,94.69%,98.04%,97.45%,0%,0%,0%,0%,0%,3.23%,0.03%,2.3%,5.11%,2.57%
2011,13,Bolívar,496676,91.57%,91.4%,59.74%,90.81%,67.34%,39.17%,110.41%,98.82%,126.45%,108.15%,80.64%,20.8%,30.12%,3.14%,1.85%,2.93%,3.79%,3.13%,94.76%,97.68%,95.48%,93.46%,93.2%,2.1%,0.46%,1.59%,2.75%,3.67%,4.43%,3.43%,4.44%,5.37%,2.28%
2011,15,Boyacá,300501,86.16%,86.11%,63.36%,82.5%,74.65%,49.09%,104.15%,78.87%,99.88%,119.78%,94.76%,22.77%,25.26%,3.07%,2.4%,2.24%,4.03%,3.51%,94.2%,97.43%,96.1%,91.66%,93.23%,2.73%,0.17%,1.66%,4.31%,3.26%,2.62%,0.65%,1.9%,4.19%,1.55%
2011,17,Caldas,201185,87.04%,86.98%,64.99%,83.86%,73.41%,45.38%,98.13%,77.19%,103.62%,103.93%,83.7%,22.6%,34.74%,4.13%,4.35%,3.92%,4.87%,2.82%,90.62%,95.35%,91.59%,87.89%,92.04%,5.25%,0.3%,4.49%,7.25%,5.15%,4.67%,1.01%,4.15%,6.55%,3.07%
2011,18,Caquetá,124148,88.78%,88.76%,58.98%,90.31%,57.31%,25.44%,106.03%,85.2%,130.59%,101.6%,60.35%,23.21%,8.01%,3.64%,3.39%,3.56%,3.91%,3.39%,96.06%,96.56%,96.34%,96%,93.45%,0.3%,0.05%,0.11%,0.08%,3.15%,4.17%,2.1%,3.7%,5.8%,2.87%
2011,19,Cauca,328682,86.35%,86.21%,52.01%,87.94%,61.58%,30.44%,98.03%,81.82%,117.83%,94.24%,65.87%,18.29%,29.7%,2.75%,1.87%,1.96%,3.91%,3.6%,92.53%,96.96%,92.77%,91.45%,91.77%,4.72%,1.17%,5.27%,4.64%,4.63%,2.09%,0.55%,1.75%,3.13%,1.57%
2011,20,Cesar,263789,94.75%,94.57%,65.96%,95.22%,66.47%,34.98%,110.47%,105.65%,129.53%,105.96%,73.07%,20.58%,29.02%,7.07%,5.17%,7.36%,7.62%,5.42%,90.54%,94.37%,91.02%,88.64%,90.8%,2.39%,0.46%,1.61%,3.74%,3.78%,1.67%,1.05%,1.57%,2.19%,0.97%
2011,23,Córdoba,405431,94.53%,94.46%,67.18%,93.22%,68.79%,37.16%,111.08%,103.69%,125.71%,110.67%,78.66%,20.16%,35.26%,4.59%,5.45%,4.08%,5.3%,4.1%,94.29%,94.32%,95.13%,93.33%,93.19%,1.12%,0.22%,0.78%,1.37%,2.71%,4.07%,3.67%,4.18%,4.53%,2.43%
2011,25,Cundinamarca,570954,92.13%,91.93%,67.19%,88.12%,81.38%,47.57%,103.34%,89.21%,106.03%,112.14%,86.21%,17.76%,35.04%,3.6%,3.48%,2.99%,4.31%,3.72%,95.58%,96.55%,96.62%,94.5%,94.5%,0.89%,0.04%,0.43%,1.26%,1.93%,2.7%,1.05%,1.99%,4.18%,1.78%
2011,27,Chocó,145587,83.79%,83.79%,50.17%,86.4%,41.3%,19.64%,110.17%,77%,150.46%,89.06%,63.13%,17.86%,13.88%,4.29%,2.89%,4.24%,5.05%,3.59%,93.5%,97.03%,94.19%,90.7%,93.5%,2.21%,0.07%,1.57%,4.25%,2.91%,0.42%,0.1%,0.6%,0.26%,0.07%
2011,41,Huila,275956,90.52%,90.47%,69.9%,92.31%,73.5%,38.49%,101.13%,87.47%,113.41%,104.54%,71.11%,22.28%,30.28%,4.38%,4%,3.2%,6%,4.99%,92.39%,95.89%,94.35%,89.54%,89.67%,3.24%,0.11%,2.45%,4.46%,5.34%,4.36%,0.85%,4.41%,5.59%,2.41%
2011,44,La Guajira,231046,77.12%,77%,44.61%,74.68%,41.56%,21.91%,89.4%,84.56%,119.07%,68.03%,49.83%,20.22%,34.94%,6.17%,4.2%,6.31%,7.04%,4.65%,92.78%,95.33%,92.58%,92.23%,93.07%,1.07%,0.46%,1.14%,0.78%,2.28%,3.85%,2.83%,4.49%,3.44%,1.46%
2011,47,Magdalena,333793,94.47%,94.32%,55.4%,90.9%,66.53%,37.55%,110.51%,109.71%,129.12%,103.1%,75.84%,21.3%,27.63%,3.63%,2.24%,3.45%,4.1%,4.37%,94.98%,97.34%,95.12%,94.49%,93.55%,1.39%,0.42%,1.42%,1.41%,2.08%,1.52%,1.27%,1.44%,1.99%,0.65%
2011,50,Meta,209319,93.65%,93.59%,61.46%,92.35%,75.89%,40.79%,102.82%,82.9%,115.06%,106.18%,75.26%,22.79%,24.42%,5.55%,5.12%,5.58%,6.15%,3.8%,93.08%,94.81%,93.39%,92.01%,93.9%,1.37%,0.07%,1.03%,1.85%,2.3%,1.48%,0.14%,1.27%,2.26%,0.9%
2011,52,Nariño,401313,80.53%,80.5%,48.3%,80.14%,53.68%,29.04%,93.96%,75.92%,115.43%,87.15%,62.27%,20.76%,15.68%,10.17%,13.91%,9.67%,10.58%,9.01%,89.97%,88.45%,91.2%,88.23%,89.45%,1.4%,0.08%,0.95%,2.18%,2.55%,2.53%,1%,2.34%,3.52%,1.32%
2011,54,Norte de Santander,324219,89.04%,88.96%,68.9%,91.01%,66.38%,39.03%,102.48%,87.41%,117.44%,98.1%,82.3%,22.36%,17.78%,6.87%,4.98%,5.15%,9.35%,8.44%,92.55%,94.99%,94.41%,90.01%,90.14%,0.65%,0.06%,0.46%,0.76%,1.64%,2.19%,0.8%,1.7%,3.46%,1.56%
2011,63,Quindio,114075,90.87%,90.83%,64.45%,85.53%,80.32%,47.29%,103.95%,82.26%,106.21%,114.89%,87.83%,27.06%,62%,5.04%,5.13%,4.52%,5.98%,4.1%,92.43%,94.84%,94.24%,90.05%,91.66%,2.53%,0.03%,1.25%,3.97%,4.23%,1.36%,0.18%,1.1%,2.03%,0.86%
2011,66,Risaralda,192633,95.61%,95.43%,67.38%,93.32%,76.38%,42.83%,112.41%,89.13%,118.88%,119.1%,95.27%,22.87%,45.21%,4.79%,3.73%,3.77%,6.14%,5.39%,94.07%,96.12%,95.57%,92.61%,91.25%,1.14%,0.15%,0.66%,1.24%,3.35%,1.77%,0.73%,1.43%,2.61%,1.13%
2011,68,Santander,434034,92.49%,92.4%,69.7%,92.88%,77.28%,48.1%,103.43%,94.3%,111.4%,106.32%,83.87%,22.39%,25.22%,3.68%,3.38%,2.87%,4.75%,3.8%,94.25%,96.28%,96.11%,91.77%,93.22%,2.07%,0.34%,1.02%,3.48%,2.98%,2.92%,1.36%,2.3%,4.48%,1.59%
2011,70,Sucre,205779,103.27%,103.2%,68.67%,101.38%,76.16%,40.46%,123.04%,131.94%,139.49%,118.49%,88.27%,24.81%,58.31%,6.74%,9.51%,5.5%,7.25%,8.18%,86.31%,90.04%,87.86%,83.53%,84.92%,7.1%,0.92%,6.77%,9.29%,7.08%,0.46%,0.37%,0.55%,0.44%,0.23%
2011,73,Tolima,325983,88.8%,88.71%,58.6%,86.48%,71.66%,41.33%,103.45%,82.98%,113.27%,107.25%,81.59%,22.09%,20.22%,4.61%,3.66%,4.34%,5.41%,3.95%,90.33%,96.1%,91.99%,86.82%,90.37%,5.06%,0.23%,3.67%,7.77%,5.68%,0.88%,0.27%,0.82%,1.22%,0.47%
2011,76,Valle del Cauca,906602,88.51%,88.33%,56.25%,86.83%,72.17%,42.06%,101.5%,92.48%,111.37%,103.88%,78.7%,20.05%,41.51%,4.24%,4.18%,3.73%,5.01%,3.99%,90.69%,95.24%,92.95%,87.09%,89.64%,5.07%,0.58%,3.32%,7.9%,6.37%,2.3%,1.1%,2.09%,3.22%,1.09%
2011,81,Arauca,73431,74.15%,74.11%,49.81%,71.09%,55.36%,31.49%,85.09%,75.73%,93.42%,85.88%,64.26%,17.62%,30.33%,2.14%,1.98%,1.86%,2.46%,2.83%,97.72%,98.02%,98.14%,97.54%,95.71%,0.13%,0%,0%,0%,1.46%,2.78%,0.86%,2.29%,4.37%,2.05%
2011,85,Casanare,85803,101.11%,101.05%,71.27%,99.47%,82.56%,42.64%,115.07%,94.58%,123.09%,126.23%,82.99%,25.31%,40%,3.88%,3.2%,3.4%,4.6%,4.18%,92.12%,96.44%,93.96%,88.97%,91.14%,4%,0.36%,2.64%,6.44%,4.68%,3.57%,1.13%,3.2%,5.39%,1.23%
2011,86,Putumayo,93828,80.46%,80.46%,49.15%,82.17%,56.36%,27.24%,93.62%,82.42%,110.23%,90.71%,62.85%,21.18%,15.53%,4.18%,3.24%,3.61%,5.63%,3.31%,95.61%,96.76%,96.35%,94.37%,94.5%,0.21%,0%,0.04%,0%,2.19%,3.37%,0.78%,2.97%,4.91%,1.9%
2011,88,"Archipiélago de San Andrés, Providencia y Santa Catalina",15852,67.28%,67.23%,57%,68.26%,59.08%,39.15%,73.8%,62.34%,75.08%,78.79%,66.33%,24.01%,65.63%,1.72%,0.84%,3.03%,0.59%,0.82%,96.73%,99.16%,96.26%,97.22%,95.57%,1.55%,0%,0.71%,2.19%,3.61%,3.63%,0%,3.44%,5.62%,1.32%
2011,91,Amazonas,22223,82.34%,82.32%,63.68%,87.23%,50.65%,21.91%,94.53%,94.49%,117.82%,82.46%,58.01%,14.95%,36.36%,5.46%,5.56%,3.67%,8.21%,7.9%,91.16%,94.27%,92.83%,88.63%,85.15%,3.38%,0.17%,3.5%,3.16%,6.95%,5.15%,1.36%,5.14%,6.39%,4.15%
2011,94,Guainía,11920,74.87%,74.87%,61.85%,73.59%,28.88%,8.42%,95.52%,112.75%,139.74%,68.84%,36.14%,20.37%,4.21%,10.94%,10%,10.73%,11.62%,12.85%,73.92%,76.88%,73.37%,72.69%,80.86%,15.5%,13.13%,16.5%,15.69%,6.3%,0.77%,0.84%,0.7%,0.98%,0.21%
2011,95,Guaviare,31133,64.04%,64.02%,32.16%,65.42%,45.16%,20.08%,78.3%,52.06%,92.99%,78.15%,53.69%,26.79%,10.73%,9.02%,5.54%,8.91%,10.02%,8.9%,91.15%,94.46%,91.73%,89.98%,88.93%,0.18%,0%,0%,0%,2.17%,2.41%,0.85%,2.08%,3.5%,1.86%
2011,97,Vaupés,12690,62.18%,62.18%,19.22%,65.41%,29.04%,9.73%,72.29%,32.03%,101.28%,60.2%,39.92%,13.39%,7.63%,9.94%,7.22%,8.72%,12.1%,14.24%,81.16%,89.17%,81.5%,79.8%,78.72%,8.89%,3.61%,9.79%,8.1%,7.04%,6.15%,2.79%,7.76%,4.34%,2.06%
2011,99,Vichada,20360,73.07%,72.98%,31.84%,74.47%,32.89%,15.54%,82.08%,50.78%,120.78%,59.48%,39.03%,15.7%,16.67%,7.33%,8.82%,8.77%,4.29%,2.67%,91.77%,91.18%,90.01%,95.45%,96.57%,0.9%,0%,1.22%,0.26%,0.76%,3.54%,1.99%,3.07%,5.45%,3.44%